"created_at","text","favorite_count","retweet_count","retweet_like_ratio","retweet_x_like"
2021-10-21 21:51:13,"Join us in our first Ethermore Town Square!

The co-creators of Ethermore will talk project updates, the game engine, quest building, and answer questions from the audience. 
 https://t.co/H8fDOAjBoV",21,4,0.19047619047619,110
2021-10-20 19:23:38,"I told you not to drink the potion of chibi! <U+0001F483>
Now look how small and cute you are! https://t.co/G1725L05rD",60,4,0.0666666666666667,305
2021-10-19 20:10:59,"Learning+1 as DAA6 cohort kicks off at @defialliance this week. <U+0001F3B2><U+0001F4DD>",15,3,0.2,64
2021-10-19 14:53:45,"Hey #Ethermore community! We have a new quest written by our Town Crier available called ""Joining the Guild""

Please give it a try and let us know what you think! https://t.co/3pyqTgHtad",15,1,0.0666666666666667,32
2021-10-18 01:29:14,"We still host our first Twitter space in two days time. All heroes welcome <U+0001F4EF>",43,2,0.0465116279069767,132
2021-10-14 09:09:07,"Our town crier is looking to have a roundtable chat with folk around blockchain games and RPGs. 

Come say hi in the Ethermore discord tavern if you want to join the hearthside chat.
<U+0001F37B>",35,7,0.2,288
2021-10-13 02:42:37,"Awesome to see our brother and sister @forgottenrunes wizards on @coinbase  huge W.",62,5,0.0806451612903226,378
2021-10-12 19:59:07,"Hard not to enjoy all the innovation around us.",28,1,0.0357142857142857,58
2021-10-03 22:59:00,"<U+0001F331>We have just offset the CO2 emissions from our drop (actually into the negative emissions).",63,14,0.222222222222222,960
2021-10-03 22:08:20,"One day someone is going pop the @genie_xyz out of the lamp and sweep our floor so hard.
<U+0001FA94><U+0001F9DE><U+0001F9F9>",34,1,0.0294117647058824,70
2021-10-03 21:47:09,"Help us build out the community Ethermore Wiki!

https://t.co/R3eCEVqJtC",14,2,0.142857142857143,45
2021-10-01 03:22:05,"<U+0001F91D> Welcome to the Ethermore team our new Town Crier @AmbalinaLimarc 
 <U+0001F4EF>

<U+0001F4E3>Limarc is the VP of growth @hackernoon and has a background in creative writing.

He will head our marketing and help with quests, and is a super value add for Ethermore.",47,9,0.191489361702128,480
2021-09-30 23:28:28,"<U+0001F5FA><U+FE0F>Ever wanted to write a choice-based game?

Why don't you submit a quest for Ethermore?

People could be playing it tomorrow! 

Cool, right?
WGMI",47,12,0.25531914893617,624
2021-09-26 22:11:08,"<U+0001F9F5>We have a new frontend<U+0001F31F> https://t.co/A5KufpoGaG",68,13,0.191176470588235,966
2021-09-20 22:31:16,"Wow are we excited to meet all the mentors at the @defialliance games accelerator next month.

Feeling like some humble halflings meeting the council of elders.<U+0001F9D9><U+200D><U+2642><U+FE0F>

@austingriffith @roham @Jihoz_Axie @colleenklein  @pierskicks @gabusch   @calebapplegate @BoredElonMusk @gubsheep",56,11,0.196428571428571,684
2021-09-20 07:07:29,"Thanks to @NinjaBoffin and @putraisyraq for this very awesome peak into the Ethermore community mindset.
WGMI big time with heroes like these!

@hackernoon
 https://t.co/UvE2ChTk74",31,14,0.451612903225806,480
2021-09-13 22:28:48,"<U+0001F989>Head to the #Tavern if you want to add 2cents about Ethermore + @defialliance game accelerator.",20,5,0.25,126
2021-09-13 22:03:44,"This GM proudly brought to you by:
Coffee
Good vibes
Creative zone energy",30,4,0.133333333333333,155
2021-09-12 07:56:06,"Its good to have some downtime!
This is the fun time for builders. Between frenzies, can find som deep work time!",22,1,0.0454545454545455,46
2021-09-08 21:20:18,"<U+0001F525><U+0001F525><U+0001F525><U+0001F3B2><U+0001F3B2><U+0001F3B2> https://t.co/aGcAJiOBI0",61,11,0.180327868852459,744
2021-09-08 20:46:11,"Less RAW. More rule of cool plz",11,1,0.0909090909090909,24
2021-09-07 23:15:36,"<U+0001F64A><U+0001F914> https://t.co/lcSiMufkDo",51,10,0.196078431372549,572
2021-09-07 03:03:32,"<U+0001F924><U+0001F525><U+0001F525> https://t.co/nSlcLDGPPC",49,6,0.122448979591837,350
2021-09-06 20:51:42,"A sneak peak for @freyaraya... https://t.co/wFuxHENFuJ",47,8,0.170212765957447,432
2021-09-06 01:05:20,"<U+0001F3BA>Anyone who minted one of the original 15k heroes can get our 'Ethermore OG minter' POAP!

<U+0001F6C2>A passport stamp in your history of achievements. Well done!

And thanks to @poapxyz 

https://t.co/3MkbpCpAfb",46,9,0.195652173913043,470
2021-09-06 00:09:23,"<U+0001F47B>Night Terrors, a short little quest has been released!

Thanks to another community submission! 
https://t.co/ZTsePOgwxV",24,2,0.0833333333333333,75
2021-09-05 22:42:50,"We are Ethermore and we approve this message. https://t.co/Gzrk182bmU",27,1,0.037037037037037,56
2021-09-05 02:39:47,"Design purposefully and creatively. <U+0001F3B2>",53,6,0.113207547169811,378
2021-09-03 09:30:01,"<U+2694><U+FE0F>Fantasy/RPG blockchain feels alive and hungry.

Awesome to see @lootproject breath life to imagination space. 

LFG",60,9,0.15,610
2021-09-03 00:39:41,"<U+0001F9ED>The community quest submission engine now supports branching narratives!<U+0001F5FA><U+FE0F>

We have also increased the scene maximum to 15 to account for the branching.

We are looking forward to seeing some creative sidequest submissions!

https://t.co/Ylswvb7Xua",9,0,0,10
2021-09-02 23:08:00,"We have a fandom page!

Join the Lore guild to contribute and help us build out the world

https://t.co/FsQCnjAkuH",14,1,0.0714285714285714,30
2021-09-02 21:02:33,"The next community written sidequest is live:
'Trial Run'

Written by our amazing mod @crypt0ke1 

https://t.co/pCbSMWLYVG",18,3,0.166666666666667,76
2021-09-02 03:59:59,"This is FAKE. Dont buy this. 
@opensea 
WWE takedown please. 

https://t.co/Yd3sSR1nn8",9,0,0,10
2021-09-01 22:08:34,"Narrative value. 

Scrolls are NOT the rarest trait in Ethermore
But they are super sought after because they are active in our first side-quest build around the themes of decentralization and co-operation. 
One just went for 3 eth.

https://t.co/fOaM49el2F",38,6,0.157894736842105,273
2021-09-01 20:46:29,"Ethermore minting has finished. To get your Hero, head to Opensea. Here is the official link.
https://t.co/QTAzvuJiG1",45,7,0.155555555555556,368
2021-09-01 20:33:05,"Although it is nice to <U+0001F680>
We are also kind of proud to hit 2700+ adventurers while keeping the entry kind of affordable. 
We want to take as many people with us as we can. 
<U+0001F970>",85,10,0.117647058823529,946
2021-09-01 04:34:39,"Alright @LootBanquets you better be as good as @RedwallFeasts 

Candied chestnuts or bust.",19,3,0.157894736842105,80
2021-08-31 22:21:51,"Some incredible work coming out of the community. 
@187JDR for this half-dragon sketch 
<U+0001F525><U+0001F432>
(the emojis need more dragon color diversity) https://t.co/pfJw1rblDr",29,8,0.275862068965517,270
2021-08-30 22:48:10,"<U+0001F6A8>Hero comp!<U+0001F6A8>

1<U+20E3>follow @Ethermorelore 
2<U+20E3>Post below your main hero
3<U+20E3> tell us what types of choices they are making in game + their current moral compass alignment.
4<U+20E3>retweet this thread.

We will select a random winner and create a 3D model and mini of their main hero.

Yes.",55,39,0.709090909090909,2240
2021-08-30 01:08:47,"Welcome adventurer!
@StaniKulechov has the broom out <U+0001F9F9> 

watch the crumbs around your feet a the tavern https://t.co/maFAWn362E",55,4,0.0727272727272727,280
2021-08-29 23:35:01,"Crypto Twitter:
What are the gold standards for calculating Co2 emissions on a wallet/contract. We very much want to set some ESG standards and responsibilities here.

https://t.co/C23QBIQ9lh seems used but has anyone dived into the github behind the scenes here?",2,0,0,3
2021-08-29 23:09:32,"we like the @lootproject 
nice @dhof <U+0001F914> https://t.co/ofT7z2livb",27,1,0.037037037037037,56
2021-08-29 20:39:55,"HERO WATCH: <U+0001F440><U+0001F48E>
For those that know Ethermore, Help find someone a Hero:

Ethermore has subtle, discrete value past their looks and their rarity rankings like narrative rarity or potential.
 
Find a Buy and Explain Why <U+0001F447>",35,8,0.228571428571429,324
2021-08-29 03:00:04,"New quest in the Quest portal!<U+0001F9ED>
Our first community submitted quest!

Please enjoy 'Feather' <U+0001FAB6>

try to play on desktop / fullscreen to access all available options!

https://t.co/TWGLsu64H9",27,5,0.185185185185185,168
2021-08-28 22:42:50,"1/<U+0001F9F5> A peek behind the screen of a quality project:

A lesson on how to follow your values and design with purpose.",111,31,0.279279279279279,3584
2021-08-27 22:01:51,"GM heroes. 

The lore and story are written by those that remain after the dust settles.",36,3,0.0833333333333333,148
2021-08-27 07:55:03,"To all the OG Ethermore backers that hung in there with us when there was a lot of shiny stuff flying around, we enjoy this milestone with you. <U+0001F37B>

But from here...
The story is just beginning....<U+0001F440><U+0001F92B><U+0001F525>",105,11,0.104761904761905,1272
2021-08-27 07:51:44,"Every zero can be a hero. https://t.co/2eGYfrBI4k",18,0,0,19
2021-08-27 02:41:50,"You crazy heroes broke our servers. Upgrades in the works. 
Until then, jump in the tavern grab an ale and chill after a long days work",60,9,0.15,610
2021-08-27 02:33:58,"PSA: We hope to get the Ethermore collection verified very soon.

Until then, please be sure you are accessing this page on OpenSea for any secondary sales: https://t.co/QTAzvurHhr",56,8,0.142857142857143,513
2021-08-27 00:17:25,"so we sold out. today was crazy.",322,44,0.136645962732919,14535
2021-08-26 23:40:50,"will will debrief after the storm. has been a crazy day.",60,4,0.0666666666666667,305
2021-08-26 22:46:45,"So in the last hour we are burning more ETH than @AxieInfinity and @MetaMask ?

Guys... we have been out for months.. calm down!

Also, your welcome @ultrasoundmoney <U+0001F987><U+0001F50A> https://t.co/RErMZyB3bh",57,7,0.12280701754386,464
2021-08-26 21:39:23,"we are over 75% minted now. 
<U+0001F440><U+0001F525><U+0001F975>",98,10,0.102040816326531,1089
2021-08-26 21:30:42,"<U+0001F525><U+0001F48D>The last ring has been found!

And the second rarest character to boot!
This is a special hero, with green palate swampy aesthetics.

11536 is a the Greenback Gnome Ledgerscript Wizard Fane of The Swamp + Ring

99.99 and #2 rarity

https://t.co/CqCNuQO0Sz",19,2,0.105263157894737,60
2021-08-26 10:46:30,"<U+0001F6A8>The second last ring has been minted. <U+0001F48D><U+0001F92F><U+0001F929>

Now the FOMO begins on the last ring and last key

This burly fella is 11098
Silver Dwarf Beastcleave Barbarian from The Swamp + Ring

https://t.co/feZmLHg3hf",13,2,0.153846153846154,42
2021-08-26 03:11:37,"Whats more important to you?

<U+0001F9EE>Trait Rarity?
<U+0001F31F>Aesthetics?
<U+0001F977>Character?
<U+0001F60D>Speaks-to-me-ness / vibes? https://t.co/OCVzTAxKAm",19,1,0.0526315789473684,40
2021-08-26 02:29:48,"We need to do a Twitter space. They are cool.",22,0,0,23
2021-08-25 07:37:29,"It had to happen at some point... 

<U+0001F6A8>RARITY RANK #1<U+0001F6A8>

The rarest combination of traits in Ethermore is... a Lead Dwarf Slateshield Paladin, Council of The Library + Scroll.

What a character <U+0001F929>

(#2 and #3 yet to be minted.....<U+0001F61B>)

https://t.co/XQTJ2UPtns",26,5,0.192307692307692,162
2021-08-25 05:28:19,"Wondering what rare heroes traits are left to come in the minting?
Check it out here
<U+0001F9EE><U+0001F916><U+0001F3B2>

https://t.co/7lLhX5JS3W https://t.co/uErqMp9hpy",10,0,0,11
2021-08-25 05:25:48,"Also two more scrolls...
both elven. nice. 

https://t.co/1FHu7zAx3F
https://t.co/negy41lBZt",7,0,0,8
2021-08-25 05:20:09,"<U+0001F511>The second last key!

There is only one more left to mint now! <U+0001F3B2>

10696 is Sporepaw Halfling Toxinbolt Rogue from The Glade + Key
98.5 rarity score

https://t.co/P2u2eDCNdG",7,1,0.142857142857143,16
2021-08-25 02:11:36,"Also four more scrolls in the 9000s! <U+0001F4DC><U+0001F4DC><U+0001F4DC><U+0001F4DC>
We can't keep up with this minting momentum <U+0001F975>

https://t.co/dLGsG9wCVY
https://t.co/kk8jN84vB0
https://t.co/dkzgfE3sem
https://t.co/J4NsZ3Q06v",7,2,0.285714285714286,24
2021-08-25 02:09:18,"OHHH a ring has spawned <U+0001F48D><U+0001F92F>

10000 is a Dusk Half-Elf Lineholder Fighter from The Library + Ring
99.80 rarity score
What a mint to hit 10,000!!!!

Sometimes randomness smiles on milestones for us mere humans. 

https://t.co/ebIGecXRQ0",16,0,0,17
2021-08-25 02:07:50,"<U+0001F511>New key!

9301 is an Ironink Giant Fernshield Paladin from The Forest + Key
98.90 rarity score

https://t.co/i8sAZPjGoj",2,0,0,3
2021-08-24 00:08:38,"If only there was a project with art that slaps, available for 0.04eth, has playable functionality already and ships upgrades weekly. 
Sigh....<U+0001F92B><U+0001F4DD>
 https://t.co/Jxea7TNBmN https://t.co/Mgh7q8efD6",31,3,0.0967741935483871,128
2021-08-23 05:38:29,"Update: stats stats stats<U+0001F9EE>

Do you like pouring through numbers and rarities?
This new page is for you.
We will be adding to it: floor prices, pictures, open sea integration etc. soon.

https://t.co/7lLhX5JS3W",10,3,0.3,44
2021-08-23 05:36:18,"<U+0001F916>we have a new trait identifying discord bot
He will give you roles for your main character and unlock channels.
beep boop.

https://t.co/TT5zyNrzVo",7,1,0.142857142857143,16
2021-08-22 23:07:41,"<U+0001F525><U+0001F440>New feature release: 
<U+0001F4DC>Community Quest Building Engine!

Have your say in the mini-quests of Ethermore. 
Help write narratives and choices that change other Heroes moral compass!<U+0001F9ED>

Details in the discord.

The story doesn't write itself.... https://t.co/PDPilQyt5h",15,3,0.2,64
2021-08-22 06:16:45,"Just another 4 scroll day. <U+0001F481><U+200D><U+2640><U+FE0F>
Probably nothing.

https://t.co/GquuwSyefx
https://t.co/VFoXMY73CA

Well done whoever minted 8425 &amp; 8371<U+0001F4DC><U+0001F4DC>",10,0,0,11
2021-08-22 03:33:57,"It's great seeing transactions with the Ethermore contract burn eth. Feels like an extra win for everyone.<U+0001F525>",8,0,0,9
2021-08-21 23:36:12,"The 7th key!
only 3 to go!

8128 is a Dawn Elf Toxinbolt Rogue Keeper of The Glade + Key

https://t.co/cLRzHnlJOv",5,0,0,6
2021-08-21 23:34:42,"Two more scrolls just popped up!
https://t.co/DgGI1AcZND https://t.co/cNyyAtY4Tr",11,1,0.0909090909090909,24
2021-08-21 22:17:56,"Ok real talk. 
Who wants to play a DnD one shot with their Ethermore heroes as a base? LFG? 

Ping @AxieKing @andy8052 @bitcoinPalmer @Stillm4n @irfreak @NinjaBoffin @Barthazian @gabusch @Greekdx @Fiskantes @underwaytrying @XBT002 @NagatoDharma @0xShual @safetyth1rd @sobylife",55,8,0.145454545454545,504
2021-08-20 00:19:28,"<U+0001F3B2><U+0001F525>The moral drift begins. <U+0001F525><U+0001F3B2><U+0001F388>
Soon, functionality + morality + community flywheel kicks in. 
<U+0001F648><U+0001F649><U+0001F64A> https://t.co/tQb3J6FVlW",14,4,0.285714285714286,75
2021-08-19 08:54:04,"Make the world you want to be in.
Your tribe will meet you there.",11,0,0,12
2021-08-18 22:17:36,"Holy weaver of the forest! This was a steal! <U+0001F62E>
Some dealz out there on the 2ndry my friends.

https://t.co/gA4Jv8clsN",9,0,0,10
2021-08-18 20:51:33,"New mini-quest!  <U+0001F42E>

Log in with your main hero and enjoy!

(press play for the music please!)

The Notice board: Contract- Betsy https://t.co/RousuUmMNl",7,2,0.285714285714286,24
2021-08-18 06:13:13,"4 away from 1000. 
Wow https://t.co/M5lN7gXrJU",22,1,0.0454545454545455,46
2021-08-17 22:08:27,"7822 is the 22nd scroll<U+0001F4DC>

Dusk Elf Lunomancy Oracle Wizard from The Swamp + Scroll
92.10 
https://t.co/LEI1PjfupZ",7,0,0,8
2021-08-17 21:35:11,"Ethermore heroes have choices that change their metaverse. <U+0001F388>

Thinking about those choices is the meta-metaverse.<U+0001F914>

Don't explode.",15,1,0.0666666666666667,32
2021-08-17 17:56:27,"<U+0001F9D9><U+0001F3FE><U+200D><U+2642><U+FE0F>Mystical Giveaway<U+0001F9D9><U+0001F3FE><U+200D><U+2642><U+FE0F>
We've partnered with @CurioNFT &amp; @manofmissle to celebrate their #NFTDungeon drop. We'll be giving away an nftdungeon Adventurer to one lucky person.

1<U+FE0F><U+20E3>Follow @manofmissle, @Ethermorelore, @CurioNFT
2<U+FE0F><U+20E3>RT + Like
3<U+FE0F><U+20E3>Tag a #NFT friend
https://t.co/YepwZTcegY",36,27,0.75,1036
2021-08-17 00:26:40,"The rarest mint so far popped up.
<U+0001F440><U+0001F3B2>Rarity rank #4 and part of the 99.99 club

7765 is Bonebelter Half-Orc Chaos Sorcerer Haunter of The Ruins + Rope

Loving the diversity of the top10
https://t.co/NAkUK7iOZO https://t.co/NtyqHTxJJt",8,1,0.125,18
2021-08-17 00:24:40,"top 10 rarity we missed in the recent mint run:

6606 (metal as number for the wasteland) <U+0001F91F><U+0001F91F>
Lead Dwarf Longstaff Monk Nomad of The Wasteland + Helm

rarity rank #10
https://t.co/cEtmWSlIfi https://t.co/ab06fIBI2l",9,1,0.111111111111111,20
2021-08-16 04:53:12,"what an incredible day 5 scrolls!
These two dwarf buds bring home the scrolly bacon <U+0001F4DC><U+0001F4DC>

7277- Silver Dwarf Shaman Barbarian from The Forest + Scroll at 93.1
7318- Silver Dwarf Resplendence Cleric from The Temple + Scroll at 96.6
https://t.co/ux85zWGSOi
https://t.co/sijZlRgkzC https://t.co/CKoQxffz9l",5,0,0,6
2021-08-15 22:43:27,"10 heroes until 7000
7 new minters until 900 unique holders
milestones starting to go faster than we can keep up with <U+0001F62C>",18,1,0.0555555555555556,38
2021-08-15 22:37:52,"3rd scroll of the morning <U+0001F92F>
6949 is Valiant Human Pearlshield Paladin from The Glade + Scroll
<U+0001F4DC>#18
This should get interesting soon

check #thelostscrolls in the discord to get on the up and up.

https://t.co/CuoiAhMwj4 https://t.co/8kFL0ZCO8I",4,0,0,5
2021-08-15 22:14:42,"Sweet Mints coming in fast today!

6881 is Dawn Elf Chaos Sorcerer Keeper of The Glade + Scroll (17th)

98.2 rarity+scroll <U+0001F4DC>
And this aesthetic is A1 
sometimes they just come out nice, yaknow?

https://t.co/LgWiqtcjB6 https://t.co/Pmv0gb7lCc",10,0,0,11
2021-08-15 21:55:38,"calling all EAST coast DMs  <U+0001F62C> https://t.co/gKVyl1cATk",2,0,0,3
2021-08-15 21:54:21,"6615 is Fiendhorn Half-Demon Pearlshield Paladin from The Mountains + Scroll 
94.7 rarity and the 16th scroll!<U+0001F4DC><U+0001F525><U+0001F525>

https://t.co/tISjoJTLCf https://t.co/SIwEJ81KIh",8,0,0,9
2021-08-15 21:00:56,"Calling West coast DMs https://t.co/gKVyl1cATk",9,2,0.222222222222222,30
2021-08-14 22:52:28,"<U+0001F4CD>Ethermore characters start true neutral.

Each choice is permanent. Each has a consequence on who you are.

Little by little, you will move across the moral compass towards or away from good/evil and order/chaos.

Certain choices are only available to polarised moralities.",18,0,0,19
2021-08-13 21:33:14,"Just a creative shoutout to @ParallelNFT 
Turning the magic of tabletop/card/RP games into blockchain games is hard and requires a mix of vision/execution. 

You have Ethermores support from your blockchain game buddies.  <U+0001F44C>",14,1,0.0714285714285714,30
2021-08-13 07:20:31,"Once a choice is made in Ethermore, it is set. 
No character can go around again. 
Decisions have consequences.
Different characters traits present different options. 

Who are you?

What do you stand for?",17,0,0,18
2021-08-12 23:16:23,"1/Want some liquidity on your HEROES?
Didn't feel a connection to your mint?
Want to earn some fees and put your Heroes to work?

We have an @NFTX_  vault for that!

https://t.co/q0D6AD3RRc",2,1,0.5,6
2021-08-12 00:18:00,"There is a lot going on here!

Scroll # 15 <U+0001F4DC>
6035 is a Toegold Halfling Kingdom Druid Keeper of The Glade + Scroll
99.70 rarity 
well done, minter! 

https://t.co/PjFwE0AqOX https://t.co/zegk9GvC5d",9,1,0.111111111111111,20
2021-08-11 22:08:11,"Over 6000 heroes out there now.
Up from 3000 just over a week ago....",39,4,0.102564102564103,200
2021-08-11 04:16:02,"Oh my! #5 rarest has been minted. Loving the variety of these top tiers! 

5830 is a Dawn Half-Elf Love Bard Acolyte of The Temple + Scroll

99.99! <U+2728><U+0001F525><U+0001F525><U+0001F525>

https://t.co/Arr6Me4fcs",9,0,0,10
2021-08-11 01:14:40,"<U+2696><U+FE0F>New side quest drop:

Flashback https://t.co/yNpWrQzwzW

You decisions shape you. 
They trickle into the world around you.
Who are you?
What do you stand for?
<U+0001F440>",5,1,0.2,12
2021-08-10 20:55:30,"We like the wizards @forgottenrunes 

Soon, everyone will also like the heroes.
<U+0001F91C><U+0001F91B>",27,0,0,28
2021-08-10 00:42:51,"We like the owls. 

https://t.co/xW0BySjJno",17,1,0.0588235294117647,36
2021-08-08 23:02:01,"Barbarian Buddies Giveaway!

NAME this lost barbarian snow tribe AND TAG a friend. 
We will select our favourite tribe name and send you and a friend these two Lost barbarian Ethermore Heroes.
<U+0001FA93><U+2744><U+FE0F>

#NFTGiveaway #NFTgaming #nftcollector #dnd #TTRPGs  #BlockchainGaming https://t.co/YbfVb2Cc6E",33,15,0.454545454545455,544
2021-08-06 23:04:42,"<U+0001F9ED><U+0001F4DC><U+0001F440>
Those with an Ethermore character can now make some choices....

https://t.co/ojyVzaSYdI https://t.co/21fL24tQw5",15,1,0.0666666666666667,32
2021-08-06 22:46:36,"Join us in the discord now for a preview of the moral compass and side quest engine!",9,1,0.111111111111111,20
2021-08-06 05:06:22,"5109: Windfall Elemental Hunt Ranger Keeper of The Glade + Scroll<U+0001F4DC>(#13)

https://t.co/rO6qZbg1Zc https://t.co/nLsvGU3xG6",10,0,0,11
2021-08-05 23:52:58,"Join us in the discord tomorrow in around 23h for the Launch of our Side Quest and Moral Compass Engine.

Text based old school adventures where choices have character consequences. <U+0001F9ED>

That's right. 
We got some playability y'all. https://t.co/WTdAYW0EAj",9,2,0.222222222222222,30
2021-08-05 22:17:22,"RING#3<U+0001F48D>
and what a stunner....that one ring and falling feathers....

5029 is Fallen Celestial Pearlshield Paladin from The Forest + Ring
https://t.co/Ags0llXqY8 https://t.co/Cjed1BN3ME",16,1,0.0625,34
2021-08-05 20:25:16,"Be careful out there. There are fake profiles. Verify! Core Ethermore team won't ask about mining!
And whoever this is: Do something more creative and better with your time. https://t.co/EnD7sZHFmY",2,0,0,3
2021-08-05 04:43:39,"<U+0001F4DC>#12
4872 is aStoneink Giant Pearlshield Paladin Pride of The Mountains + Scroll
99.80
https://t.co/loXhAedYUN https://t.co/OkSpXVWB29",2,0,0,3
2021-08-05 04:40:58,"SECOND RING has appeared <U+0001F440>

4880 is a Dusk Elf Shadowslice Rogue from The Castle + Ring
99.80
https://t.co/vH5BfXJbPZ https://t.co/tZPhaXA0Zt",3,0,0,4
2021-08-04 02:43:18,"<U+0001F6A8>  Hot orc alert!  <U+0001F6A8>

<U+0001F511> + 99.99 (rank 6!) + <U+0001F308>

Bravehide Half-Orc Slateshield Paladin Keeper of The Glade + Key 
<U+0001F63B>

https://t.co/2fy7uvVTUo",7,0,0,8
2021-08-04 00:00:46,"This newest mint is clean.
Ravenfolk are awesome. https://t.co/c4zv3NeoxZ",15,0,0,16
2021-08-03 23:41:33,"Your choices have consequences. Even if slight, the world around you feeds off them.",8,1,0.125,18
2021-08-03 05:33:51,"<U+0001F440>
 
<U+0001F92B> https://t.co/tWOYrSBy7K",17,5,0.294117647058824,108
2021-08-03 00:49:08,"Picking up steam now-
Another <U+0001F511>KEY, that makes 5<U+20E3>

<U+0001F30A>Oceanic Elemental Shaman Barbarian from The Swamp + Key 
99.1 rarity score<U+0001F48D><U+0001F929><U+0001F60D>

https://t.co/WRUW2ANCAM https://t.co/zJGn6ywXbA",4,0,0,5
2021-08-02 23:05:01,"We are 5 away from 500 individual hero holders. 
If you know someone who simply must join Ethermore. Let them know they can still mint!
https://t.co/Jxea7TNBmN",7,5,0.714285714285714,48
2021-08-02 22:27:12,"Yes, they exist:
The FIRST RING has been seen!<U+0001F48D>
Congrats on this epic mint @irfreak 

Seafarer Half-Dragon Lineholder Fighter from The Temple + Ring
99.6 rarity + ring + sea dragon = dreamy mint.<U+0001F929><U+0001F92F>

https://t.co/XXl2HdOhNK https://t.co/pVZCcTQPwb",13,1,0.0769230769230769,28
2021-08-02 07:34:36,"Nothing but gratitude for the community for supporting us bounce back STRONGER than yesterday. 

Nothing but <U+2764><U+FE0F>for the crypto fam. 

Stay safe out there, there be monsters.",14,0,0,15
2021-08-02 07:28:01,"What a day, FORTH KEY<U+0001F511><U+0001F511><U+0001F511><U+0001F511> 
minted just 10 minutes ago. 
4245 is a Guild Half-Dragon Flamefist Monk from The Swamp + Key
<U+0001F525><U+0001F432><U+0001F511>
https://t.co/ROsbUlCFHZ https://t.co/c6milmTMIT",6,0,0,7
2021-08-02 02:27:44,"KEY 3!!!<U+0001F511>
It's been a while between keys! what an awesome mint to whoever minted this!
Lead Dwarf Witching Ranger from The Mountains + Key
https://t.co/GfDLzrr3yo https://t.co/ctFK0Nl7FT",5,0,0,6
2021-08-02 02:24:57,"11th scroll has spawned...<U+0001F4DC><U+2705><U+0001F929><U+2728>
https://t.co/dSI9ZMcDZu https://t.co/O8gjACrVke",4,0,0,5
2021-07-30 01:46:08,"Lore dump: https://t.co/4BhNjFLQQY",12,2,0.166666666666667,39
2021-07-30 01:13:42,"Genesis Lore Dump: Ethermore out of the void:
1/many",6,2,0.333333333333333,21
2021-07-30 01:08:29,"We have completed our genesis lore thanks to @jlc_chen, competition winner!<U+0001F929><U+0001F4DC><U+0001F308><U+0001F3D4><U+FE0F>

We couldn't be happier with how this turned out and looking forward to our first twitter lore dump.

 (we are working on other ways to present this epic piece of art).<U+0001F440>",7,1,0.142857142857143,16
2021-07-30 00:40:23,"Is it too late to mint your very own party of Ethermore Heroes?
No! 
Many many awesome characters waiting to be unlocked.
Get some!
0.04 ETH

https://t.co/Jxea7TNBmN",2,1,0.5,6
2021-07-29 01:06:50,"starting to see the mints pick up, need to see some #heroflex out in the wild. Who has some minted some neato heroes? Wanna see!<U+0001F60D>",5,1,0.2,12
2021-07-28 01:15:23,"We are still obscure. 
And we kind of like it. 
<U+0001F31B>",12,0,0,13
2021-07-26 08:54:48,"We are so incredibly excited to soon show the Genesis of Ethermore. 
Concepted and written with our community member @jlc_chen as voted by the character tokenholders. 

Our main narrative arc will tackle themes relevant to the world of crypto and digital communities.

Stay tuned.",5,1,0.2,12
2021-07-26 07:58:43,"Attention spans in this space are short. Sometimes you have to sit down, and just work. 
Shiny object syndrome, FOMO and imposter syndrome are big here for builders. 
Breathe, then build!",6,0,0,7
2021-07-26 04:41:43,"Dusk Elf type of day
Inside with a book <U+0001F4D6> https://t.co/Xs0Naywekg",7,0,0,8
2021-07-21 22:52:10,"If you stumble into our @EthCC presentation and want to ask us Q's please DM or @ us! 

We are sorry we can't be there. Locked down in Australia <U+0001F62D>

Currently have a +6 modifier to our FOMO<U+0001F972>",4,0,0,5
2021-07-20 10:00:59,"Dreaming about Paris and not Melbourne in lockdown. With you in spirit @EthCC 
And digitally! Hopefully those attending enjoy the Sun <U+0001F31E> and the culture. 

Say hi digitally back if you drop into our presentation. Sad we can't be there to hang. Wanted it badly <U+0001F972>",4,0,0,5
2021-07-17 22:34:44,"<U+0001F4DD><U+0001F528>Just finished writing the first quest for our web3 quest portal. Release soon<U+0001F440>

Want to jump into a quirky, immersive world where choices have consequences? <U+0001F914>

Your individual choices inside the quest scenarios will change your characters moral compass.....<U+2696><U+FE0F>",7,1,0.142857142857143,16
2021-07-17 02:05:56,"One away from 500 follows <U+0001F4AB><U+0001F4DD> we love unlocking achievements. Feel free to @ someone who needs our feeds.",2,1,0.5,6
2021-07-17 02:02:28,"People sometimes confuse Ethermore with a quick PFP project. 
On this:",0,0,0,1
2021-07-16 03:12:59,"<U+0001F973>Overwhelming winner of the genesis backstory to the world, Jess wrote an amazing piece around the Gods of light and dark, their Titan children, a long war and the eventual banashment of the titans, becoming a part of the land and geography of Ethermore.<U+0001F30E> https://t.co/T0wXfljQal",11,1,0.0909090909090909,24
2021-07-12 08:22:43,"We wrote for @hackernoon on #BlockchainGaming and what else can be interesting in web3 games outside of the obvious upsides of play-to-earn.

Learn about the emotional side of ownership, decision making, and layer zero: you! 

https://t.co/zHMLnsy5nW",3,1,0.333333333333333,8
2021-07-11 23:17:30,"Loving this run of Dragonfolk mints in the last few days. 
Loving those sweet sweet gradients, scales, and platemails. 

<U+0001F432>Guild Half-Dragon Timewarp Wizard Acolyte of The Temple <U+0001F41F>

rarity score- <U+2728>92.80 for this mint<U+2728>, well-done anon! https://t.co/nKyFGTmF4l",5,0,0,6
2021-07-11 01:31:42,"Hey! We are speaking @EthCC <U+0001F4A1>

Check us out in the gaming section talking about building a DAO based RPG and what we are working on.

https://t.co/qZiQPuL7u6 https://t.co/hgWwyK8rQO",3,0,0,4
2021-07-10 22:55:22,"This could be the most Elfy Elf that ever Elfed. 
Well done to whoever just minted this!<U+0001F929><U+0001F308><U+2728>

#2532 Dawn Elf Ledgerscript Wizard Keeper of The Glade + Caltrops https://t.co/wbiiO2OzAX",5,0,0,6
2021-07-09 10:01:53,"<U+0001F5F3><U+FE0F><U+2705>Voting is now open for the next week to pick the winner of the Genesis Lore competition: out of the void.

https://t.co/XOm8DHkD8e",2,1,0.5,6
2021-07-08 22:44:49,"It's time to consider the Genesis of the world before we open the voting in the next few days.<U+0001F30D>
 Go mint a character if you want to vote, not too late!<U+2728>

https://t.co/GuRYn6oXra",2,1,0.5,6
2021-07-07 06:41:39,"Reading through all these submissions is golden. Very excited for where we can take this project when we get the voting/story engines/community feedback loops nice and tight and really tell a story together.",2,0,0,3
2021-07-05 00:18:40,"Congratulations to @_forager for winning our naming competition for the moons of Ethermore: Skein and Keccak.
We let the dice decide your character airdrop and they don't lie:
Airdrop of character #00001 coming your way.<U+0001F92F><U+0001F3B2> https://t.co/oeMzdhaZVo",2,0,0,3
2021-07-04 05:18:15,"Day 3 of the Genesis lore competitioin. Give us your idea of how the world of Ethermore came about. How did the races emerge out of the void? Who are the gods?

The best submission to win a character but more importantly, be solidified in the canon!

https://t.co/5x0mL30P4v",3,1,0.333333333333333,8
2021-07-03 04:58:24,"Loved the @BanklessHQ chat on the intersection of games and DAOs. Hope these guys are onto something so we can take DAO RPGs forward so more people understand the power! <U+0001F94A><U+0001F4A1><U+2694><U+FE0F>",9,2,0.222222222222222,30
2021-07-03 04:15:33,"Have you explored our character gallery yet? 
What race/class is on the wish list to mint?<U+0001F525><U+2744><U+FE0F><U+2728> https://t.co/SXtjoZ2S9n",3,0,0,4
2021-07-03 02:31:59,"Lore Competition #1: Day 1/6

Write a proposal and win!

Our first lore competition starts today!

The prompt is Creation in the Void: How was Ethermore created? What/who were the original supernatural powers? https://t.co/x0DszaoO6G",0,0,0,1
2021-07-01 07:31:48,"The 10th SCROLL! 
<U+0001F4DC><U+0001F4DC><U+0001F4DC><U+0001F4DC><U+0001F4DC><U+0001F4DC>
#10 has been minted!
Hero #2485
Dawn Half-Elf Assassin Rogue from The Castle + Scroll
(nice rarity score too! 94.50 ) https://t.co/6E93uuZH5B",5,0,0,6
2021-07-01 01:06:24,"Amazing first genesis world buiding session<U+0001F30D> 
Proposals, voting and write up for canon.... to come.",10,0,0,11
2021-06-30 23:03:15,"Love seeing @forgottenrunes kill it. Some actually decent pixel art and fantasy vibes, well done team!",17,1,0.0588235294117647,36
2021-06-30 22:58:40,"Genesis lore session is going <U+0001F525><U+0001F525> in the discord. Tune in NOW 
How did Ethermore come out of the void?
Why are all the gods fighting?
What powers did they give to the races of the world? 
Hear the community members build it from zero.",1,1,1,4
2021-06-30 09:16:21,"We have reached 200 individual mints!! Lfg! 
We hope to become a coolest world building and NFT interaction game like decentralised DnD. Where eventually your characters can be the part of a narrative. 
#NFTGaming #DnDcharacter #NFTCommunity",9,1,0.111111111111111,20
2021-06-30 06:43:03,"New mint. <U+2744><U+FE0F><U+2744><U+FE0F>
Silver Dwarf Whirlwind Fighter Hero of The Castle + Bedroll https://t.co/ETpDpXHJr9",11,0,0,12
2021-06-30 00:46:13,"Head over to the discord and sign up for a good old lorebuilding proposal session hosted by one of our mod clerics, azimandias. 
session tomorrow at 530 EDT and will be streamed on twitter and twitch.",1,0,0,2
2021-06-29 09:18:37,"We have 400 Twitter followers, 
300 discord members 
200 individual minters. 
4:3:2 must be one of the lowest ratios in NFT land!

(And speaks to our supreme lack of marketing effort to widen the top of that funnel <U+0001F639>)

200th Minter! <U+0001F973>",4,0,0,5
2021-06-27 23:38:44,"Ok. So @BoredApeYC is joining us on the integration of narrative to nft character land. 
This is where the projects who know their craft and their audience rise above the crowd. <U+2728><U+0001F94A>",7,1,0.142857142857143,16
2021-06-27 23:32:08,"If we were to build a tavern... (We know a tavern guy) <U+0001F37B>",0,0,0,1
2021-06-27 23:29:41,"Wondering when NFT/CT will figure out we aren't just an avatar project. <U+0001F605> <U+0001F9DE><U+200D><U+2642><U+FE0F>",4,0,0,5
2021-06-27 19:31:53,"Everyday we wake up there is a new avatar project sold out. We shrug, and keep building <U+0001F528><U+26C5>",6,0,0,7
2021-06-27 03:01:45,"Always amazed at how really busy and talented people that pop into the community and usually ask if there is anything they can do to help. <U+0001F528>",6,0,0,7
2021-06-24 23:14:46,"SCROLL ALERT<U+0001F4DC><U+0001F4DC><U+0001F4DC><U+0001F4DC><U+0001F4DC><U+0001F4DC>
#9 has been minted!
Hero #2354 
Valiant Human Ledgerscript Wizard from The Mountains + Scroll https://t.co/uuWrYF8WPo",11,2,0.181818181818182,36
2021-06-18 22:28:59,"Ethermore update:
Loreguild group call last night to go over community supmissions and lore voting went very well. deets to come.",3,0,0,4
2021-06-17 23:04:12,"Updates from Ethermore:
2) We now have a avatar creator for those who wish to embody their Hero a bit more.... At the bottom of your character metadata

#NFTCommunity #ttrpg #worldbuilding #dnd #NFTs #DAO #nftcollector #nftart #fantasyart #blockchaingames #Cryptoart https://t.co/QlQ4nNrtYy",3,2,0.666666666666667,12
2021-06-17 23:02:30,"Updates from Ethermore:
1) We now have a searchable Gallery by character traits

https://t.co/jQkMH1fk28

#NFTCommunity #ttrpg #worldbuilding #dnd #NFTs #nftcollector #nftart #fantasyart #blockchaingames #Cryptoart https://t.co/7zpD6OTjLH",4,0,0,5
2021-06-17 03:28:49,"Amazing new pull for this snow owl Paladin by @cielmot

https://t.co/Sye5gSKnwh",5,1,0.2,12
2021-06-16 05:06:51,"Hot take: The best thing @AxieInfinity did was make a game that is fun.",2,0,0,3
2021-06-16 04:34:28,"The more we watch more genart projects zip in and out of attention spans like shooting stars across the sky, the more we like the dirt under our feet and watering our roots.",2,0,0,3
2021-06-15 23:34:24,"Not too late mint a character and choose difficulty setting. So far 97% of players are wanting high stakes with option of character token burning permadeath! 

https://t.co/SMyV5O44By",2,0,0,3
2021-06-08 23:02:03,"Attn Ethermore Heroes: 
Choose your difficulty setting!

<U+0001F308>Play for the fun?
<U+0001F480>Or play for the feels?

Either way, going to be a fun ride on the Main Arc in Act I !

https://t.co/SMyV5O44By",1,0,0,2
2021-06-06 22:21:58,"How does Ethermore work? 
Community and core team develop the narrative and quests in a feedback loop with each other, using the DAO for community content and decision making that has consequences in the world. https://t.co/8BRKtEH3Vd",5,0,0,6
2021-06-05 15:04:47,"Don't tell me that you haven't waited for the Fantasy world to be built on Blockchain. 
Ethermore is the place bro... Check it out bro... 
Any questions?.. then ask bro..
#NFTs #fantasy #story #Blockchain #fantasyart
https://t.co/1wBMUdG5ZM",1,0,0,2
2021-06-04 23:08:13,"This is bad ass.

Grimback Gnome Kinetic Sorcerer from The Castle + Potion

#NFTCommunity #ttrpg #worldbuilding #dnd #NFTs #nftcollector #nftart #fantasyart #blockchaingames #Cryptoart https://t.co/A2sG7bMWNy",3,0,0,4
2021-06-04 01:49:29,"Some community contributions on some of the shroomier parts of the world of @Ethermorelore ....Love it!
<U+0001F344><U+0001F344>
#worldbuilding #nftart #fantasyart #dnd 

https://t.co/JPYZ4fwxZD",1,0,0,2
2021-06-04 01:43:46,"We are busy building our #DAO guidelines, where the world of Ethermore will be created, destroyed, lore changed based on our community of #NFT token holders. 

Where the token drop is just the beginning... 
Not too late to get in the community! 
https://t.co/Jxea7TNBmN",1,0,0,2
2021-06-03 01:48:38,"wow. loving this most recent mint.
Stoneink Giant Mystic Warlock from The Castle https://t.co/q5Yif7vkYB",8,0,0,9
2021-06-02 05:48:03,"Either we can read a Lore or be the one who creates it. A fantasy lover? Check us out - https://t.co/1wBMUdG5ZM 
#NFTCommunity #Ethereum #fantasy #NFTs #DAO",3,3,1,16
2021-06-01 23:28:03,"After two weeks of mints.... NO ONE has yet minted a ring ... they are small, so look carefully.
<U+0001F440>.....<U+0001F48D>

#NFTCommunity #ttrpg #worldbuilding #dnd #NFTs #nftcollector #nftart #fantasyart #blockchaingames #Cryptoart",3,0,0,4
2021-06-01 23:14:30,"Nice mint to wake up to, well done whoever minted this bad lad.

Greenback Gnome Hunt Ranger from The Swamp + Bedroll <U+0001F98A><U+0001FA99><U+0001FA99><U+0001FA99><U+0001F6CF><U+FE0F>

#NFTCommunity #ttrpg #worldbuilding #dnd #NFTs #nftcollector #nftart #fantasyart #blockchaingames #Cryptoart https://t.co/h1YYY6yTbI",5,2,0.4,18
2021-06-01 23:06:59,"Goood morning NFT twitter. The sun rises, the birds chirp.",0,0,0,1
2021-06-01 09:31:12,"Newest spawn: Dusk Elf Marksman Ranger Keeper of The Glade + Potion
<U+0001F60D><U+0001F60D><U+0001F525><U+0001F525><U+2728><U+2728>

#nftart #fantasyart #Cryptoart #nftcollectors #ttrpg #dnd #pixelart #BlockchainGaming https://t.co/EEYgWuNOwx",9,3,0.333333333333333,40
2021-05-31 17:21:00,"Postcard twitter banners from the places of Ethermore.

Get your fill of #crypto moods and memes, gradients and #pixelart
@ us if you see them out in the wild!

#NFTCommunity #ttrpg #worldbuilding #dnd #NFTs #nftcollector #nftart #fantasyart #blockchaingames #Cryptoart https://t.co/hu5kXGot6U",1,0,0,2
2021-05-31 16:20:00,"Postcard twitter banners from the places of Ethermore.

Get your fill of #crypto moods and memes, gradients and #pixelart
@ us if you see them out in the wild!

#NFTCommunity #ttrpg #worldbuilding #dnd #NFTs #nftcollector #nftart #fantasyart #blockchaingames #Cryptoart https://t.co/ZHiJndWMdd",0,0,0,1
2021-05-31 14:20:00,"Postcard twitter banners from the places of Ethermore.

Get your fill of #crypto moods and memes, gradients and #pixelart
@ us if you see them out in the wild!

#NFTCommunity #ttrpg #worldbuilding #dnd #NFTs #nftcollector #nftart #fantasyart #blockchaingames #Cryptoart https://t.co/UyCugQtirq",2,0,0,3
2021-05-31 13:19:00,"Postcard twitter banners from the places of Ethermore.

Get your fill of #crypto moods and memes, gradients and #pixelart
@ us if you see them out in the wild!

#NFTCommunity #ttrpg #worldbuilding #dnd #NFTs #nftcollector #nftart #fantasyart #blockchaingames #Cryptoart https://t.co/KQfSapTmM9",5,0,0,6
2021-05-31 12:19:00,"Postcard twitter banners from the places of Ethermore.

Get your fill of #crypto moods and memes, gradients and #pixelart
@ us if you see them out in the wild!

#NFTCommunity #ttrpg #worldbuilding #dnd #NFTs #nftcollector #nftart #fantasyart #blockchaingames #Cryptoart https://t.co/6X34OxTc58",2,0,0,3
2021-05-31 10:18:00,"Postcard twitter banners from the places of Ethermore.

Get your fill of #crypto moods and memes, gradients and #pixelart
@ us if you see them out in the wild!

#NFTCommunity #ttrpg #worldbuilding #dnd #NFTs #nftcollector #nftart #fantasyart #blockchaingames #Cryptoart https://t.co/PuuvBMIZNQ",1,1,1,4
2021-05-30 22:31:09,"Community activities off and kicking today following our Genesis lore session.

Book in for part II in our discord soon!

#NFTCommunity #ttrpg #worldbuilding #dnd #NFTs #nftcollector #nftart #fantasyart #blockchaingames #Cryptoart https://t.co/ySqVZhLJ1Q",7,2,0.285714285714286,24
2021-05-30 03:58:26,"We have a @Twitch channel! 

Our first #Worldbuilding Lore session is tomorrow. 
We will be brainstorming with a few community members to then bring to a group #DAO proposal.
First there was nothing. Then there was Ethermore. 
What happened?

#ttrpg 

https://t.co/rF4EMPaUeM",3,0,0,4
2021-05-29 23:52:00,"gas winds favourable for mint season.
If you have been waiting to mint some more characters, now is the time!<U+0001F343>",1,0,0,2
2021-05-29 02:45:38,"Getting unfrozen in the tundra feat #Tulwick
@amphlux https://t.co/c4qpTRS0Ft",5,0,0,6
2021-05-29 01:04:05,"Hey @pranksyNFT  in case you were wondering, our metadata works and our artwork is less questionable. <U+0001F37B> https://t.co/hhHP0sD3b1",2,0,0,3
2021-05-29 00:20:48,"Very excited for our genesis lore session this weekend. 

Anyone who attends any of the Genesis world building will get the Genesis POAP @poapxyz 

Design by our community member @st_heresy we are not worthy! 

#nftart #Blockchaingames #worldbuilding https://t.co/0AJxiLlikq",9,1,0.111111111111111,20
2021-05-27 23:58:09,"**We are an Art+ Project.**

Your character unlocks a trait specific discord channel to meet you sub-community. 

What awaits is community of people that...get you....

#NFTCommunity #ttrpg #worldbuilding #dnd #NFTs #nftcollector #nftart #fantasyart #blockchaingames #Cryptoart",10,2,0.2,33
2021-05-27 08:09:46,"I must admit, seeing these roles makes me excited to build ..... #motivation #NFTcomunity 

@NinjaBoffin @FuujinAXS @foodmasku @PixaLyfe @toms0x @ChwaanNami @amphlux @freak @irfreak https://t.co/o53pksf5x2",19,7,0.368421052631579,160
2021-05-27 07:59:38,"Who doesn't want barbarian halflings with a huge ass axe?
mint by caygen 
#NFTCommunity #ttrpg #worldbuilding #dnd #NFTs https://t.co/eZRLOyThB6",4,0,0,5
2021-05-27 02:51:21,"COMMUNITY EVENT <U+0001F304><U+0001F305><U+0001F304><U+0001F325><U+FE0F><U+0001F324><U+FE0F><U+2600><U+FE0F>
we're organizing a session to brainstorm genesis lore for Ethermore for this Sunday, May 30th @ 12pm EST

Get in to get in GOD MODE and make some history.
Run by one of our Mod Clerics,  Azimandiaz
#NFTCommunity #ttrpg #worldbuilding",4,2,0.5,15
2021-05-27 01:29:25,"From the Oceanic Elementals, To the mountains. 
Great mint from @FuujinAXS !

https://t.co/VKDIP8xVuQ",6,1,0.166666666666667,14
2021-05-26 21:22:03,"Morning #NFTCommunity todays mantra: long game. don't think about shiny stuff.",0,0,0,1
2021-05-26 10:57:04,"Praise to the moon(s) <U+0001F312> https://t.co/yF6q0bXOOX",6,1,0.166666666666667,14
2021-05-26 08:34:13,"Does anyone else in this fast paced game space miss a good old immersive narrative where decisions have consequences? Idk<U+0001F4D6>",5,0,0,6
2021-05-25 23:43:03,"I'm always distracted from building to see what gets spawned next. Can y'all just LMK when cool ones pop up? thx.
#NFTCommunity #NFTart #NFT #pixelart #fantasyart #dnd #Ethereum #DAO #blockchaingame https://t.co/BFEkOwSOny",1,0,0,2
2021-05-25 23:23:12,"Morning! good day to be building quests <U+0001F947><U+0001F947><U+2694><U+FE0F><U+0001F432><U+0001F440>",5,1,0.2,12
2021-05-25 07:29:12,"<U+0001F396><U+FE0F><U+0001F396><U+FE0F><U+0001F396><U+FE0F>#hype alert! 
CRACKED THE TOP #10 on @DappRadar in the last 7D for blockchain games!

Indie team Coming out of the wilderness like this is a BIG <U+0001F970> to all our early adopters so far.

#nftcollector #nftart #fantasyart #blockchaingames #Cryptoart https://t.co/Qiea1AvRmQ",11,6,0.545454545454545,84
2021-05-25 07:24:32,"OK stay calm, but we just cracked the top #100 on @DappRadar for blockchain games after ONE WEEK.
For an indie team with a small little thing, coming out of the wilderness like this is a big <U+0001F970>to all our early adopters so far.

#nftcollector #nftart #fantasyart #blockchaingames https://t.co/iRxkvhdhsa",2,1,0.5,6
2021-05-25 05:56:55,"So shiny #NFTCommunity #NFTs https://t.co/FdOUL02DOb",1,1,1,4
2021-05-25 05:55:53,"Any heroes out there explored the hidden trait channels in discord yet? <U+0001F440> https://t.co/Uc3uX82Dir",4,2,0.5,15
2021-05-24 22:21:31,"Have Ethermore token holders explored their secret hidden character trait area yet? <U+0001F92B><U+0001F440> https://t.co/fdlsgxBlfz",2,0,0,3
2021-05-24 22:18:25,"Today is a good day to mint.",1,0,0,2
2021-05-24 18:48:12,"You run one hand down the knots in your beard.
It's a nervous tic you had since childhood.
With the other, feeling the handle of the axe.
Its a big tree, and you know you have to measure three times.
Cut once.
Welcome home, Dwarfkind",0,0,0,1
2021-05-24 05:38:27,"The frosty wind cuts through you as you place a hand on the outer ice wall of the west tower. 
Looking out, you notice the glaciers are fast to melt this year than the last. 
You tug your collar tighter and turn your back to the wind, as it continues to whistle through the spires https://t.co/UBOp8zFyYE",3,0,0,4
2021-05-24 03:46:48,"If you have an @Ethermorelore hero but haven't popped into the disco for a while, come say hi while we build away. <U+0001F528>",0,0,0,1
2021-05-24 00:47:37,"DISCORD lvl ups: 
Your heroes identify with others from the same hood. If you have a character, find your tribe now in the discord.
<U+0001F396><U+FE0F><U+0001F432><U+2694><U+FE0F> https://t.co/caParkTHQU",0,0,0,1
2021-05-24 00:46:28,"DISCORD lvl ups:   Get your character and meet your fellow folk. Start building your story. https://t.co/0o812jFN6i",0,0,0,1
2021-05-23 23:20:16,"There be dragons. 
Rusty sworded, three belted dragons.
<U+0001F432><U+0001F432><U+2694><U+FE0F><U+2694><U+FE0F>
NICE mint
https://t.co/oMQseixS0d",1,0,0,2
2021-05-23 22:36:04,"Fellow Adventurer: If you got into our early adaptor tier, claim your POAP!!!! 
<U+0001F3C5><U+0001F396><U+FE0F><U+0001F947>
@poapxyz
 https://t.co/PnngQh2TW2",3,1,0.333333333333333,8
2021-05-23 12:28:06,"wow. Scroll alert! This is an EPIC mint at 99.7 rarity!!! 
Owl barbarian! https://t.co/fVKJ9iOnFM",2,0,0,3
2021-05-23 05:59:08,"Another day, another @gabusch mint casually pulling a 98.6 rarity score kinetic sorcerer that ALSO has aesthetics <U+0001F4AF>

https://t.co/H6gThTVXvN",16,4,0.25,85
2021-05-23 05:57:28,"Windfall Elemental Barefirst Monk. 
A beautiful mint, spawned by @FuujinAXS 
<U+0001F343><U+0001F343><U+0001F343> https://t.co/YpLpBzottP",5,1,0.2,12
2021-05-23 05:55:46,"Trying not to buy more @Ethermorelore Hero packs when gas is so low. https://t.co/fxFx4Dudhf",0,0,0,1
2021-05-23 05:53:20,"This is a mean flex. <U+0001F308><U+0001F48E><U+0001FA93><U+0001FAA8>
https://t.co/XCMyTeZqyq",1,0,0,2
2021-05-23 01:48:21,"Keep posted in our discord for the first world building event. <U+0001F440> 
Get your hero party together to be a part of this and receive your @poapxyz !",2,0,0,3
2021-05-23 01:05:33,"Ethermore mint+ gas now total no brainer at 0.045 ETH
Reap while the gas is low and eth is low!!!

The second last mint was this 95.4 rarity score Dusk Elf Library Wizard.... this is #pixelart looking at its dang peak mintiness

#NFTCommunity #NFTart #NFT #fantasyart #dnd https://t.co/LdIGvxOfkl",2,1,0.5,6
2021-05-23 01:00:32,"Update: Now over 100 backers, we have spawned 2,140 out of 15,000 heroes going into day 4. 

The 0.04 ETH price tier is picking up traction and why not! <U+0001F920><U+0001F680>

#NFTCommunity #NFTart #NFT #pixelart #fantasyart #dnd #Ethereum #DAO #blockchaingame #ethermore #daorpg https://t.co/mVCWx8lPfb",7,2,0.285714285714286,24
2021-05-22 22:33:04,"gooood morning. Who is feeling minty today?",1,0,0,2
2021-05-22 06:23:13,"THE LOST SCROLLS. - The first long-form sidequest.

1/many There was once a ritual that was performed that brought destruction to Ethermore. The ritual opened the gates of desolation in the wastelands, and unknown power and evil streamed into the world.",7,4,0.571428571428571,40
2021-05-22 01:49:51,"With @GuildOfGuardian and @Ethermorelore drops, crypto fantasy games have content for days.",3,0,0,4
2021-05-21 21:07:25,"Morning adventurers! Which #NFTCommunity or collector out there so you want to adventure with?",3,0,0,4
2021-05-21 11:25:44,"Some people are catching on....

As to why we are not only a game but a dynamic ride. 

(You just have to put up with us writing this dang adventure). https://t.co/J5aaGhjj17",4,2,0.5,15
2021-05-21 11:16:25,"Yo @bitpixi what happened to your mate Bedroll? I want to hear the story behind (I think) the first-ever Ethermorian used with actual dice rolling.<U+0001F6CF><U+FE0F><U+0001F9FB>",2,0,0,3
2021-05-21 10:56:01,"OK. Special mention to this epic mint.  
A Rarity Score of 0.01
Tag a mate who, in a fantasy world where you can play *a fricken dragon person*, would play a human fighter with a sword....

However, every zero could be a hero...<U+0001F440>
#dnd #pixelart #NFTCommunity #ttrpg #daorpg https://t.co/D4aEhOwqnd",5,4,0.8,30
2021-05-21 10:50:54,"OK, #Ethermore fam. 
Who doesn't have a hero yet that simply must?",2,1,0.5,6
2021-05-21 07:35:36,"It's time to get MINTY
https://t.co/Jxea7TNBmN 
Hit the road adventurer! Times like these to go a' scroll huntin' https://t.co/iymFWVFpYv",0,0,0,1
2021-05-21 06:44:39,"Oh, a sneaky key spawn passed my eyes yesterday. 
Must have fallen out of that their magic tree in The Glade<U+0001F511>
shoutout to @trogBC for minting this 95.20 Rarity Score classic RPG protagonist Paladin

Valiant Human Fernshield Paladin from The Glade + Key https://t.co/mJG0O4MOU0",4,0,0,5
2021-05-21 06:11:55,"Rare item update:
<U+0001F4DC> scroll count = 7 spawned from 50
<U+0001F511>key count = 2 spawned from 10
<U+0001F48D>ring count = ....0 spawned from 7...   <U+0001F440>

#NFTCommunity #NFTart #NFT #pixelart #fantasyart #dnd #Ethereum #DAO #blockchaingame #ethermore #daorpg",4,4,1,25
2021-05-21 02:35:36,"we are BACK ON for tier 3: characters 2,000-3,000. If you go to https://t.co/Jxea7TNBmN (now with progress bar!)
if you don't see it, hard refresh with shift+cmd/ctrl+r to clear your cache https://t.co/QBpJY1cXOE",3,1,0.333333333333333,8
2021-05-21 01:38:57,"again, paused for a breather at 2000. Take a deep breath and stay posted for gates to open again for tier 3",3,1,0.333333333333333,8
2021-05-20 21:22:05,"OK. So Im not sure if anyone picked up on this yet... stay calm....
But someone minted THE FIRST KEY!

Dusk Elf Powerblade Warlock from The Wasteland + Key

#NFTCommunity #NFTart #NFT #pixelart #fantasyart #dnd #Ethereum #DAO #blockchaingame #ethermore #daorpg https://t.co/Vf5gYmCX4v",8,2,0.25,27
2021-05-20 21:19:41,"SCROLL ALLERT    4 scrolls in the last few hours.

#NFTCommunity #NFTart #NFT #pixelart #fantasyart #dnd #Ethereum #DAO #blockchaingame #ethermore #daorpg https://t.co/cro1dF7ygu",2,1,0.5,6
2021-05-20 21:15:52,"ok now we are over the early access mark, so all is fair in love and ETH so open up the shares and invites and we will try and embrace chaos.",0,0,0,1
2021-05-20 20:50:23,"Well I just woke up and we sold another 1000. Is this real life or is this fantasy?
 I guess both?",11,1,0.0909090909090909,24
2021-05-20 13:53:02,"confirming, contact not paused. These transactions are just slow because gas spiked. They will go through but will be slow. Open for business for tier 2!",4,0,0,5
2021-05-20 11:22:27,"Greenback, coin stash, chaos sorcerer, ice castle. This guy slaps.

Greenback Gnome Chaos Sorcerer Hero of The Castle + Potion

#NFTCommunity #NFTart #NFT #pixelart #fantasyart #dnd #Ethereum #DAO #blockchaingame #ethermore #daorpg https://t.co/HeyHN40w06",2,1,0.5,6
2021-05-20 11:20:37,"Red eyes, blue eyes, longbow.... no eyes.

Stoneink Giant Hunt Ranger from The Glade

#NFTCommunity #NFTart #NFT #pixelart #fantasyart #dnd #Ethereum #DAO #blockchaingame #ethermore #daorpg https://t.co/iM27OZEyad",5,1,0.2,12
2021-05-20 11:18:06,"Sometimes you just get a bunch of earthy grim cemetery vibes juxed with some crystals, 
and you know it's gunna be a good day. 

Valiant Human Battlestance Fighter from The Ruins + Crystal

#NFTCommunity #NFTart #NFT #pixelart #fantasyart  #blockchaingame #ethermore #daorpg #dnd https://t.co/429Gn3QnW3",3,0,0,4
2021-05-20 11:14:56,"Oceanic Elemental Barefist Monk from The Library + Bedroll
This makes me want to read books and be in at the sea and take a nap all at once.

#NFTCommunity #NFTart #NFT #pixelart #fantasyart #dnd #Ethereum #DAO #blockchaingame #ethermore #daorpg https://t.co/0sT2Xibdyo",3,1,0.333333333333333,8
2021-05-20 10:44:17,"Getting a lot of Qs around the gender of some of the Heros. 
A: We intentionally made most artwork gender agnostic.
Pixel art is great because the pixels are part of the detail and your mind's eye fills in the rest. Fantasy is great because what even is gender when we have orcs?",0,0,0,1
2021-05-20 10:38:37,"#776 another scroll!!!!!<U+0001F4DC><U+0001F4DC> that's 2!
Sanddune Human Beastcleave Barbarian Hero of The Castle + Scroll https://t.co/KI1YPMxBfr",1,0,0,2
2021-05-20 10:34:54,"Ok, Everyone stay calm.
THE FIRST SCROLL WAS MINTED 
#676 Sanddune Human Marksman Ranger from The Forest + Scroll!!!

For those unaware of the signifigance: 
Its the first long game DAO sidequest: 
Discord &gt; ""The lost scrolls quest"" channel<U+0001F440><U+2728> https://t.co/fSAnb90p9f",0,0,0,1
2021-05-20 10:32:46,"I'm catching up today... so much for a stealth launch... about to tweet the significant recent mints of the last few hours...",0,0,0,1
2021-05-20 10:10:57,"kind public service announcement to please DO NOT select above 50 characters when minting. 50 is the max mint our contract can do in one transaction on a block, but our ticker allows you to go above 50.
Don't set above 50! https://t.co/lXa3eKACz5",8,3,0.375,36
2021-05-20 04:29:13,"Hey traveler! @scupytrooples getting a bit star struck with some of these new follows. Time to get yourself a new wizard DP I think...?<U+0001F9D9> which subclass?",0,0,0,1
2021-05-20 03:12:01,"OK. so I'm feeling these frost dwarfs. They have wholesome energy we all need rn. https://t.co/I9LS4VkZ0D",2,0,0,3
2021-05-20 02:59:35,"OK, whoever just minted this Wayfarer Human: 
This is aesthetically pleasing. This character rocks.<U+0001F44A> https://t.co/0ufKe9pouL",0,0,0,1
2021-05-19 23:32:38,"Gas going back down. 
Head over to https://t.co/Jxea7TNBmN when the numbers match to get some quality drop action!
Still have a few left in the early adopters tier at 0.01ETH!",2,0,0,3
2021-05-19 21:15:43,"Ok over 500 minted going into day 2. Officially out in the wild now. <U+0001F920>",1,0,0,2
2021-05-19 11:20:26,"pulling up at the end of our first day of stealth drop- 
<U+2728>520 characters minted 
<U+2728>1 of the 99.99 rarity scores was spawned
<U+2728>first celestials spawned
<U+0001F440>but not yet a key, scroll or ring yet....<U+0001F440>
Always tomorrow. 
See you then traveller.",1,0,0,2
2021-05-19 11:08:28,"wowwww #flexalert. someone minted 1 of only 8 that have a rarity ranking 99.99
A Toegold Halfling Love Bard, Nomad of The Wasteland + Rope 
Massive harp for a little guy!
#NFTCommunity #NFTart #NFT #pixelart #fantasyart #dnd #Ethereum #DAO #blockchaingame https://t.co/WgosGfzKwy",9,2,0.222222222222222,30
2021-05-19 02:30:26,"We are a DAO based RPG. How does that work? Check us out. Hi. We launched today. #NFTCommunity #DAO #nftcollectors #Ethereum",2,0,0,3
2021-05-18 23:34:51,"#347 The first top 20 rarity characters have spawned! 
Lead Dwarf Barefist Monk Council of The Library + Rope
Rarity rank #16 with a 99.9 Rarity score. 

#NFTCommunity #NFTart #NFT #pixelart #fantasyart #dnd #Ethereum #DAO #blockchaingame https://t.co/ekIir4h5Wo",4,2,0.5,15
2021-05-18 23:32:42,"#322 The first Sterling Celestial spawns. What a shiny specimen! <U+0001F4AB><U+2728><U+0001F48E>

#NFTCommunity #NFTart #NFT #pixelart #fantasyart #dnd #Ethereum #DAO #blockchaingame https://t.co/IctAPRGDUd",6,3,0.5,28
2021-05-18 23:29:45,"At #244 The first Celestial has appeared <U+0001F47C><U+2728><U+0001F4AB><U+0001F929>

#NFTCommunity #NFTart #NFT #pixelart #fantasyart #dnd #Ethereum #DAO #blockchaingame https://t.co/gfVFIdirzO",3,0,0,4
2021-05-18 22:33:18,"Yes, gas fees are a necessary evil. We debated hard on being on a layer 2 but settled on mainnet layer 1. 
1/many",0,0,0,1
2021-05-18 22:30:18,"DROP ALERT 
We. Are. Go. 
Extending our early adopter backing tier to all.
https://t.co/Ssa1tpcGKk
Check our discord for any Qs and say hi. 

#NFTCommunity #NFTart #NFT #pixelart #fantasyart #dnd #Ethereum #DAO #blockchaingame #NFTdrop",3,3,1,16
2021-05-17 00:37:21,"And bumping the rarity up shortly after at #3... 
<U+0001F929><U+0001F929><U+0001F90C> This character gen is a knockout!<U+0001F4AB>
*Windfall Elemental Fernshield Paladin Weaver of The Forest + Potion*
#NFTCommunity #NFTart #NFT #pixelart #fantasyart #dnd #Ethereum #DAO #blockchaingame https://t.co/clfnfYaHju",4,0,0,5
2021-05-17 00:25:29,"Oh yes. 
The first character randomly minted to the Ethermore Vault was a dusk elf with a fox buddy. #00001
Future Trivia night Q right here. <U+0001F913>
#NFTCommunity #NFTart #NFT #pixelart #fantasyart #dnd #Ethereum #DAO #blockchaingame https://t.co/hzEXBttW5k",4,1,0.25,10
2021-05-17 00:12:23,"1/2 Those with keen eyes will notice we have a rarity score and rarity rank for characters. Of course- beauty is in the eye of the key holder, but for those wondering:",1,0,0,2
2021-05-16 11:39:43,"We have a contract. Stay tuned. 
https://t.co/W6B5ZeBsMd",0,0,0,1
2021-05-10 03:46:21,"Epic new Twitter banner art.

Easter egg feat. The duel moons and Mt. Ethermore to nod at our earliest community contributions

#NFTart #NFT #pixelart #fantasyart #dnd #Ethereum #DAO #blockchaingame https://t.co/sMdHwAUCwS",5,1,0.2,12
2021-05-10 02:33:42,"We got a logo! A nice metal and wood E for Ethermore! 

If it were a description of a fine wine it would be: 
Notes of #Ethereum and #Skyrim with rich pixel tannins in fine oak pixels
Mmmm  <U+0001F942>",0,0,0,1
2021-05-04 01:25:48,"#NFT Tech is just a mashup of old hits.

Printing press X double entry book keeping.

Love it! @BanklessHQ @JoshuaRosenthal

#crypto #nftcollector #nftart #NFTs #Ethereum #blockchain",2,0,0,3
2021-05-01 05:18:00,"Eaglefolk Marksman Ranger Weaver of The Forest + Bedroll #pixelart #digitalart #NFT #NFTartists #nftcollector #nftart #fantasyart #dndcharacter #dnd https://t.co/8pG9KX0Xq6",3,0,0,4
2021-05-01 03:17:00,"Silver Dwarf Flamefist Monk Fane of The Swamp + Bedroll #pixelart #digitalart #NFT #NFTartists #nftcollector #nftart #fantasyart #dndcharacter #dnd https://t.co/GkCNgjvxJD",3,0,0,4
2021-05-01 02:17:00,"Forge Half-Dragon Beastcleave Barbarian from The Mountains + Caltrops #pixelart #digitalart #NFT #NFTartists #nftcollector #nftart #fantasyart #dndcharacter #dnd https://t.co/e4kzGQqmPO",3,0,0,4
2021-05-01 01:16:00,"Grimback Gnome Ledgerscript Wizard Fane of The Swamp #pixelart #digitalart #NFT #NFTartists #nftcollector #nftart #fantasyart #dndcharacter #dnd https://t.co/qBWLv1fAr0",3,1,0.333333333333333,8
2021-04-30 23:55:21,"Dawn Elf Kingdom Druid Pride of The Mountains + Bedroll #pixelart #digitalart #NFT #NFTartists #nftcollector #nftart #fantasyart #dndcharacter #dnd https://t.co/ltQJm9sxfv",2,0,0,3
2021-04-30 23:43:44,"Astral celestial mystic warlock, from the mountains + bedroll 
 #pixelart #digitalart #NFT #NFTartists #nftcollector #nftart #fantasyart #dndcharacter #dnd https://t.co/rQHoDWD6ds",4,2,0.5,15
2021-04-28 11:51:41,"Very exciting progress with our procedural generation spitting out magic.
#NFT #nftart #digitalart #cryptoart #dnd #pixelart https://t.co/k95o5CUyQT",6,1,0.166666666666667,14
2021-04-23 02:43:30,"Behind the scenes. Before the storm. Before lift off.<U+0001F440> Checks and balances
 #pixelart #digitalart #NFT #NFTartists #nftcollector #nftart #fantasyart #dndcharacter #dnd https://t.co/4t091rPLQB https://t.co/mmSNQ3d383",3,1,0.333333333333333,8
2021-04-22 09:21:32,"Community builds value builds community. 
Tribe. #nftart #NFTs #nftcollector",0,0,0,1
2021-04-21 03:51:24,"Humans? Fineeee. #pixelart #digitalart #NFT #NFTartists #nftcollector #nftart #fantasyart #dndcharacter #dnd https://t.co/4t091rPLQB",10,4,0.4,55
2021-04-19 23:14:34,"Halfling hustle. #pixelart #digitalart #NFT #NFTartists #nftcollector #nftart #fantasyart #dndcharacter #dnd https://t.co/71feR8KUPQ",8,2,0.25,27
2021-04-19 03:14:41,"Half dragon varients. Grills frills and skills. #pixelart #digitalart #NFT #NFTartists #nftcollector #nftart #fantasyart #dndcharacter #dnd https://t.co/csXexy35IB",9,3,0.333333333333333,40
2021-04-19 03:07:32,"<U+0001F4EC> Very exciting to feature in @DefiantNews Inbox Dump #1, by @CamiRusso <U+0001F64F><U+0001F525><U+0001F680><U+0001F308>https://t.co/Hu5jpaAv4b #NFT #nftart #Cryptoart",2,0,0,3
2021-04-18 23:02:00,"Welcome to the wastelands of Ethermore

#pixelart #digitalart #NFT #NFTartists #nftcollector #nftart #fantasyart #dndcharacter #dnd https://t.co/MLmG9kaKRL",5,2,0.4,18
2021-04-18 22:26:08,"We be orc. #pixelart #digitalart #NFT #NFTartists #nftcollector #nftart #fantasyart #dndcharacter #dnd https://t.co/HSw1byMJO5",2,3,1.5,12
2021-04-17 23:16:14,"Water <U+0001F4A6> fire <U+0001F525> air <U+0001F4A8>elementals out in force. 
#digitalart #NFTartists #NFT #pixelart #fantasyart #dnd #dndcharacter #nftart https://t.co/ouL4hlvS2Z",2,0,0,3
2021-04-16 07:38:42,"Gnomes gnomes gnomes. We got gnomes. #NFTartists #NFT #pixelart #fantasyart #dnd #dndcharacter #nftart https://t.co/ouAdW8zONv",5,1,0.2,12
2021-04-16 07:38:10,"Celestials. Pure. Shiny. Fallen. <U+0001F607><U+0001F608> #NFTartists #NFT #pixelart #fantasyart #dnd #dndcharacter #nftart https://t.co/LTFOfyKpPA",3,1,0.333333333333333,8
2021-04-14 22:28:37,"We be building out the birdfolk variants #NFTartists #NFT #pixelart #fantasyart https://t.co/3WYPIfNvZq",5,1,0.2,12
2021-04-12 08:53:12,"The Temple of Ethermore
<U+0001F41F> #nft #nftcollector #NFTartists #pixelart #fantasyart https://t.co/xTP8sH3xr0",7,3,0.428571428571429,32
2021-04-07 02:28:49,"<U+0001F4DC>The lost scrolls quest has just been dropped on the discord. It is the first long-term dynamic quest for the Ethermore community. Hold<U+0001F48E><U+0001F64C>, burn<U+0001F525> or archive <U+0001F516> back to the library? <U+0001F4DC>",1,0,0,2
2021-04-04 01:12:55,"We are running the first worldbuilding competition in our discord. The naming of the two moons of Ethermore! 
A character ethermore NFT drop for each winning name! Head over to the discord to participate. <U+0001F316><U+0001F314><U+0001F468><U+200D><U+0001F680> https://t.co/WkTdGVYet6",2,0,0,3
2021-03-24 01:32:57,"1 of 15,000 procedurally generated characters in #Ethermore #NFT #fantasyart project: 
A Dark Elf Wizard with Staff, Blood Magic from the Ice Castle Background. 

Wonder what their name is? What's their story? 
Help us tell their story and vote to put it on-chain in the community https://t.co/YdCfsk4Bnk",5,1,0.2,12
2021-03-23 03:18:53,"Imaginary world-building is very fun. Cannot wait to drop and have others join to flesh out 'The Forrest' of Ethermore: One of the possible character background options. https://t.co/VxFN8wZENE",2,0,0,3
2021-03-22 04:32:37,"Very cool to see our checkout carbon emissions calculator working, pulling network data and providing transparency and ESG on live NFT minting. 
Unfortunately, there is more than one cost to minting. but transparency is the first step! (offsetting next..) <U+0001F33F> https://t.co/jpVAfx19Nr",2,0,0,3
2021-03-22 04:14:12,"Welcome to Ethermore  An emerging fantasy world built on community first and blockchain second. https://t.co/AeE8iVySkE",61,11,0.180327868852459,744
2021-03-22 04:12:52,"Very fun hackathon for @ETHGlobal and the birth of Ethermore! 
**rubs hands in anticipation** https://t.co/WRwhlcIZUh",2,0,0,3
